Transaction ID,Cardholder Name,Transaction Amount,Transaction Time,Amount Left,Card Limit,Overlimit,Amount Spent,Time of Amount Spent,Fraud
T0001,Jordan Brown,917.13,18-01-2024 04:54,214.12,4483,1,4441.79,11-04-2023 06:30,1
T0002,Morgan Brown,317.09,01-05-2024 00:46,1011.72,1765,0,1157.16,23-10-2024 11:30,1
T0003,Alex Davis,862.23,03-11-2023 01:20,711.45,3184,1,746.87,13-09-2024 19:06,0
T0004,John Smith,194.16,23-04-2023 21:46,2400.74,2533,0,2248.23,23-12-2023 23:53,0
T0005,Taylor Jones,123.68,07-03-2023 17:00,3033.1,4753,0,2990.72,04-05-2023 13:01,0
T0006,John Williams,722.85,07-04-2023 20:30,1966.55,3954,0,1215.72,27-05-2024 19:14,0
T0007,Jane Jones,485.39,16-06-2023 17:29,344.29,1156,1,1145.75,19-04-2024 15:11,1
T0008,Alex Brown,325.52,24-02-2023 13:35,1362.8,1842,0,335.15,21-09-2024 16:02,0
T0009,John Doe,283.98,11-12-2023 16:03,4294.29,4983,0,641.08,27-08-2023 21:08,0
T0010,Taylor Miller,480.63,05-05-2024 12:26,1536.11,4918,0,4838.7,10-01-2024 02:36,1
T0011,Morgan Davis,39.34,14-10-2023 12:45,1505.01,4077,0,2987.59,22-12-2023 02:04,1
T0012,Morgan Miller,732.93,25-04-2023 13:31,1135.19,3152,0,1762.6,09-04-2024 20:38,1
T0013,Alex Miller,377.25,21-10-2024 15:19,1750.84,4618,0,3171.58,14-03-2024 15:34,1
T0014,Alex Jones,419.29,25-01-2024 03:58,1066.29,2734,0,1772.6,02-07-2024 20:59,1
T0015,John Johnson,745.68,09-07-2023 03:14,2837.78,4501,0,1245.81,13-01-2023 11:00,0
T0016,Jane Williams,863.96,10-11-2023 05:29,1986.22,3240,0,2614.48,13-08-2024 18:14,1
T0017,Taylor Doe,36.61,14-07-2023 21:22,955.91,3299,0,2979.56,30-11-2023 03:33,1
T0018,Casey Miller,118.87,13-01-2023 14:15,2520.61,3381,0,1523.68,27-05-2024 14:33,0
T0019,Morgan Williams,133.16,10-02-2023 00:21,339.3,2046,0,1745.26,14-09-2024 02:47,1
T0020,Alex Miller,618.31,15-11-2024 01:53,171.14,2607,1,1996.27,12-05-2023 20:15,1
T0021,Casey Miller,650.73,25-04-2023 18:08,1346.67,1523,0,530.64,19-07-2023 22:47,0
T0022,Casey Doe,864.04,24-09-2024 17:52,1076.45,1179,0,1151.47,12-01-2024 20:58,1
T0023,Morgan Miller,727.35,21-09-2024 14:10,1711.91,2464,0,535.36,16-01-2023 15:11,0
T0024,Casey Davis,929.71,05-02-2023 07:54,1385.89,4356,0,3124.01,22-03-2024 09:44,1
T0025,Jane Miller,345.16,17-02-2024 02:33,2404.14,4113,0,2163.44,21-03-2024 04:08,0
T0026,Casey Williams,698.49,15-02-2023 17:55,652.97,4224,1,704.3,25-06-2023 00:22,0
T0027,Casey Brown,248.69,30-08-2024 00:34,585.26,1927,0,1777.44,24-05-2023 18:29,1
T0028,Jane Jones,619.04,12-08-2024 01:03,3454.47,3457,0,38.4,17-05-2023 10:03,0
T0029,Casey Doe,146.84,18-11-2024 21:17,2233.5,2500,0,668.75,27-05-2024 10:15,0
T0030,Taylor Miller,879.64,08-09-2023 19:40,1022.4,4758,0,3469.17,16-08-2024 17:04,1
T0031,Casey Jones,391.18,02-03-2024 00:06,1759.93,1871,0,1127.87,11-09-2024 13:27,0
T0032,Jane Davis,519.17,09-07-2023 06:45,2339.13,2702,0,1242.01,08-07-2024 04:07,0
T0033,Taylor Brown,462.76,29-03-2023 04:09,1188.29,1331,0,1258.97,16-02-2023 01:13,1
T0034,Morgan Miller,613.51,03-03-2024 05:22,1455.29,3948,0,1.74,23-05-2023 14:24,0
T0035,Chris Williams,547.32,01-09-2024 10:51,1614.3,3066,0,488.0,16-02-2023 06:33,0
T0036,Morgan Brown,991.83,23-04-2024 14:09,816.15,1325,1,895.57,29-01-2024 14:01,1
T0037,Jordan Miller,704.4,12-06-2024 12:24,1111.01,1469,0,432.84,07-09-2024 11:36,0
T0038,Taylor Johnson,347.63,06-08-2023 05:01,1619.36,2437,0,608.01,12-11-2023 19:16,0
T0039,Taylor Johnson,945.79,17-03-2024 22:15,4142.79,4683,0,1075.64,13-05-2024 01:36,0
T0040,Casey Jones,622.65,12-02-2024 23:17,615.04,4627,1,2207.74,01-11-2023 02:44,0
T0041,Alex Williams,429.17,06-05-2024 22:12,20.56,1169,1,1010.29,12-05-2024 06:00,1
T0042,Chris Williams,691.92,19-12-2023 01:25,1638.97,4208,0,731.43,23-05-2024 10:36,0
T0043,Chris Doe,677.22,18-04-2023 03:03,3715.05,4731,0,767.79,21-08-2024 16:34,0
T0044,Jordan Johnson,895.03,05-06-2023 16:28,677.13,1584,1,845.16,23-07-2024 00:49,1
T0045,Morgan Brown,750.58,15-06-2023 08:27,992.0,2005,0,1393.51,08-08-2024 09:25,1
T0046,Casey Brown,362.98,24-05-2023 15:56,1013.07,4041,0,506.96,01-04-2024 14:13,0
T0047,Casey Smith,754.89,14-11-2023 21:31,2284.8,4803,0,3310.75,26-11-2024 02:31,1
T0048,Jane Jones,693.85,05-12-2023 02:52,858.07,3032,0,325.12,14-08-2024 01:35,0
T0049,Morgan Miller,747.63,30-12-2024 04:48,1955.9,2589,0,2066.91,18-01-2023 16:34,1
T0050,Jordan Johnson,848.58,16-05-2023 19:21,3087.92,4989,0,1022.46,01-07-2023 19:01,0
T0051,Chris Williams,537.03,02-09-2024 08:18,1941.4,3790,0,3715.33,04-08-2023 04:52,1
T0052,John Davis,743.7,29-10-2024 03:06,682.87,1910,1,292.64,11-09-2023 21:14,0
T0053,Casey Johnson,807.49,19-06-2024 14:16,2529.49,3269,0,2237.16,16-03-2023 21:53,0
T0054,Jane Johnson,88.28,29-12-2024 01:43,1000.42,1733,0,738.37,22-03-2024 12:19,0
T0055,Jordan Williams,801.88,30-04-2023 23:39,1877.88,3745,0,328.91,24-05-2024 14:25,0
T0056,Taylor Smith,839.33,11-04-2023 14:04,3357.22,3978,0,3334.31,25-05-2024 08:27,0
T0057,Jane Davis,22.51,16-06-2023 02:41,1859.48,2627,0,2149.11,16-03-2023 17:04,1
T0058,Casey Brown,796.39,13-12-2024 11:54,2279.91,3582,0,1186.23,10-06-2024 04:45,0
T0059,John Davis,497.23,09-09-2023 14:11,760.15,1832,0,886.85,14-10-2023 18:37,0
T0060,Morgan Johnson,574.26,14-09-2024 21:40,8.53,4133,1,839.98,28-05-2024 17:07,0
T0061,Morgan Doe,565.52,28-02-2023 21:17,449.64,1309,1,69.66,24-09-2024 00:44,0
T0062,Chris Smith,409.3,10-09-2023 04:19,1019.24,2763,0,2269.44,02-01-2023 10:42,1
T0063,Taylor Brown,138.63,06-01-2023 16:21,1311.64,3772,0,169.95,26-04-2024 08:33,0
T0064,Chris Johnson,282.0,10-08-2023 01:45,2619.34,4979,0,3842.93,31-01-2023 22:32,1
T0065,Jordan Miller,840.24,13-12-2024 22:05,2566.83,3767,0,3329.6,21-03-2024 02:43,1
T0066,Jane Smith,638.96,11-08-2024 08:53,2816.92,4309,0,1957.86,03-05-2023 18:38,0
T0067,Casey Miller,226.1,21-06-2023 19:11,1119.28,1422,0,17.03,31-10-2023 05:25,0
T0068,Morgan Williams,183.7,06-11-2024 22:18,1281.47,3567,0,2648.79,29-12-2024 19:47,1
T0069,John Jones,620.24,16-10-2024 06:49,1677.48,1736,0,250.48,18-10-2023 05:49,0
T0070,John Johnson,38.25,19-10-2024 04:06,1058.11,4550,0,2612.81,26-02-2023 10:46,1
T0071,Alex Smith,264.09,24-11-2024 12:45,3420.06,4566,0,4382.23,24-12-2024 12:08,1
T0072,Alex Miller,528.47,25-12-2024 23:44,825.79,3759,0,2757.26,12-01-2023 12:07,1
T0073,Alex Johnson,487.71,17-03-2024 07:07,821.88,4200,0,562.9,29-08-2024 22:21,0
T0074,Jane Brown,891.68,07-11-2023 03:05,770.43,1137,1,936.01,24-08-2023 19:26,1
T0075,Alex Brown,396.59,29-09-2023 16:15,737.12,3156,0,2216.92,07-07-2024 11:21,1
T0076,Taylor Brown,561.77,29-04-2024 07:10,324.12,3037,1,588.44,24-03-2023 23:36,0
T0077,Alex Johnson,68.03,21-04-2024 04:32,325.77,2013,0,1121.41,05-02-2024 07:36,1
T0078,Jane Miller,29.7,15-09-2023 10:37,1495.97,2730,0,1804.68,26-09-2023 13:00,1
T0079,Taylor Smith,91.13,21-11-2024 08:54,463.99,2264,0,100.11,15-07-2023 13:47,0
T0080,Casey Brown,506.79,31-12-2024 09:15,229.25,1373,1,273.39,03-02-2024 23:11,0
T0081,Casey Jones,712.91,13-01-2024 19:28,831.48,2027,0,1087.96,17-06-2023 18:37,1
T0082,Morgan Davis,471.86,21-12-2024 22:33,1338.55,2056,0,781.15,18-01-2024 05:26,0
T0083,Jane Smith,914.54,25-08-2023 00:25,3154.63,4354,0,2183.32,25-10-2024 20:12,0
T0084,Chris Davis,439.72,29-04-2023 12:40,416.14,1388,1,1223.2,20-04-2024 03:16,1
T0085,Casey Doe,260.51,28-05-2024 03:24,1658.69,2383,0,1914.39,30-11-2023 09:23,1
T0086,Alex Smith,118.95,03-06-2023 02:51,1481.9,4080,0,3759.57,29-04-2023 21:12,1
T0087,Taylor Brown,785.16,28-06-2023 22:21,2563.3,2721,0,3.29,10-02-2024 13:46,0
T0088,Chris Smith,480.64,22-05-2024 05:13,579.53,2070,0,1941.93,12-09-2023 05:37,1
T0089,John Williams,695.62,10-06-2023 02:08,89.48,2975,1,1865.71,29-09-2023 17:12,1
T0090,Jordan Doe,760.96,03-02-2024 00:11,1719.14,1776,0,199.32,27-06-2024 03:52,0
T0091,Morgan Brown,324.49,15-06-2024 16:44,436.72,2638,0,1789.18,23-02-2024 16:50,1
T0092,Jane Jones,473.55,08-08-2023 12:25,831.93,3555,0,576.03,10-10-2024 03:14,0
T0093,Alex Davis,398.83,11-08-2024 14:07,2740.46,4879,0,3998.08,21-05-2023 15:12,1
T0094,Taylor Jones,728.87,10-06-2023 07:38,1907.31,4569,0,1188.75,31-05-2024 18:49,0
T0095,Morgan Doe,271.32,21-05-2023 15:35,1898.46,2156,0,574.32,07-12-2023 10:16,0
T0096,Morgan Johnson,424.12,01-11-2023 03:39,1832.55,3645,0,2623.88,21-07-2024 04:31,1
T0097,Taylor Doe,261.52,18-02-2023 00:15,3995.75,4132,0,2084.68,29-06-2024 23:29,0
T0098,Taylor Johnson,708.66,16-06-2023 13:43,2241.36,4302,0,3183.94,15-08-2023 08:20,1
T0099,Alex Johnson,622.92,31-05-2023 15:50,1847.91,3796,0,3076.05,02-11-2024 04:17,1
T0100,Jane Smith,126.92,23-05-2024 18:23,1315.59,2606,0,1213.15,22-01-2024 21:10,0
T0101,John Jones,410.01,13-06-2024 03:32,3058.0,3155,0,1709.97,13-09-2023 11:42,0
T0102,Chris Johnson,292.39,05-07-2023 01:11,199.11,1993,1,1309.0,04-05-2024 18:58,1
T0103,Taylor Brown,860.96,14-05-2023 23:11,2075.14,4028,0,3968.28,23-06-2024 21:08,1
T0104,Morgan Miller,56.73,14-01-2023 03:06,579.29,3870,0,182.38,11-02-2024 13:35,0
T0105,Taylor Jones,498.14,19-04-2024 13:17,1518.95,2814,0,1298.26,11-01-2023 00:17,0
T0106,John Jones,670.05,25-09-2023 12:02,2363.19,2528,0,1595.52,27-11-2023 10:01,0
T0107,Chris Jones,228.73,18-12-2024 00:48,4413.63,4494,0,215.4,20-03-2024 16:25,0
T0108,Chris Davis,572.81,06-01-2024 11:54,1253.46,1486,0,966.82,21-05-2023 14:30,0
T0109,Chris Davis,314.67,27-11-2024 12:18,1143.25,2404,0,1567.22,26-10-2024 07:58,1
T0110,Alex Miller,294.83,06-11-2023 17:46,79.68,2058,1,1468.08,20-03-2024 05:10,1
T0111,Alex Williams,950.19,02-12-2024 23:40,762.63,1494,1,1322.43,28-10-2024 09:04,1
T0112,Chris Doe,990.17,13-01-2024 20:09,3535.86,4544,0,4069.52,06-06-2024 09:42,1
T0113,Morgan Williams,498.46,31-10-2024 19:28,1658.19,2816,0,2037.09,10-02-2024 05:39,1
T0114,Casey Doe,359.16,27-04-2023 20:56,3322.02,4160,0,1686.1,03-01-2023 08:05,0
T0115,Morgan Miller,425.33,04-10-2024 18:01,2145.68,4537,0,2423.6,03-10-2024 00:08,1
T0116,Jordan Williams,99.28,30-07-2023 01:12,364.1,3633,0,2347.99,17-08-2023 22:11,1
T0117,Alex Smith,772.32,18-04-2024 22:35,986.35,1191,0,286.28,26-07-2024 21:41,0
T0118,John Brown,269.44,16-06-2023 21:59,376.45,4899,0,4110.92,17-03-2024 11:14,1
T0119,Taylor Davis,798.44,26-10-2024 18:56,442.58,1185,1,717.06,17-03-2024 00:46,1
T0120,Jordan Doe,198.85,31-10-2023 08:43,4299.2,4686,0,1260.19,22-08-2023 22:18,0
T0121,Chris Johnson,399.12,23-12-2024 07:08,2432.06,4296,0,1385.28,05-12-2024 18:01,0
T0122,Jane Brown,473.65,13-06-2024 19:04,2735.37,3095,0,1574.35,16-04-2024 04:20,0
T0123,Morgan Williams,520.32,25-03-2023 06:15,2040.34,2612,0,1908.2,10-02-2024 08:24,0
T0124,Jane Brown,95.98,19-08-2023 17:43,126.49,3296,0,478.25,26-01-2023 07:19,0
T0125,Morgan Johnson,224.55,24-08-2024 20:58,558.31,1870,0,1737.48,11-09-2024 11:06,1
T0126,Alex Williams,286.92,14-03-2023 09:07,345.68,1534,0,1166.16,25-08-2023 08:07,1
T0127,John Jones,991.27,12-08-2024 04:31,798.77,1361,1,848.4,13-10-2023 13:31,1
T0128,Taylor Johnson,103.9,20-07-2023 23:49,42.88,1414,1,370.49,18-04-2023 06:36,0
T0129,John Smith,715.76,07-05-2024 13:11,2815.51,3018,0,1759.92,17-09-2024 05:37,0
T0130,Alex Smith,304.14,16-10-2023 04:27,2169.02,3090,0,1953.74,03-03-2023 15:51,0
T0131,Chris Brown,776.13,19-07-2024 20:46,2087.07,3728,0,651.47,04-06-2024 15:34,0
T0132,John Williams,922.85,26-12-2024 19:43,733.8,1403,1,281.2,04-09-2023 02:50,0
T0133,John Johnson,430.64,26-07-2024 07:45,1204.23,3273,0,2567.54,10-05-2024 06:26,1
T0134,Chris Miller,973.5,10-06-2023 06:46,1336.48,4378,0,3276.08,09-05-2024 02:35,1
T0135,Chris Jones,246.06,30-09-2023 19:09,1852.25,4380,0,3832.35,17-10-2023 03:12,1
T0136,Morgan Brown,492.02,28-12-2024 18:30,1361.11,2785,0,1522.08,19-02-2023 01:12,1
T0137,John Williams,768.31,10-09-2024 23:14,758.74,2578,1,775.71,30-09-2024 05:47,0
T0138,Jordan Davis,184.36,19-10-2023 12:39,2569.76,3568,0,1060.91,10-01-2024 02:25,0
T0139,Jane Johnson,689.12,25-08-2023 20:48,1198.36,2235,0,110.74,17-10-2023 22:06,0
T0140,Casey Davis,985.37,22-08-2023 11:13,2705.34,4054,0,589.21,04-10-2024 00:34,0
T0141,Taylor Davis,355.45,28-07-2024 05:45,1377.98,2203,0,590.39,23-12-2024 18:30,0
T0142,Jane Williams,468.68,12-04-2024 08:20,967.34,1037,0,895.52,14-11-2024 07:43,0
T0143,Morgan Smith,69.18,05-04-2023 09:10,4156.69,4514,0,801.78,10-09-2024 04:02,0
T0144,Taylor Doe,970.49,17-01-2024 03:14,764.5,1975,1,1356.36,26-10-2024 00:42,1
T0145,Casey Miller,545.13,20-09-2023 01:34,926.85,3930,0,1935.09,07-10-2024 12:01,0
T0146,Taylor Johnson,54.29,03-03-2023 18:51,2329.39,2660,0,999.72,16-06-2024 22:42,0
T0147,Jordan Jones,428.96,02-04-2023 11:49,1738.06,2739,0,739.14,27-10-2024 09:29,0
T0148,Alex Miller,192.44,03-04-2023 01:21,3199.45,3493,0,694.79,08-03-2023 11:17,0
T0149,Casey Williams,12.6,14-09-2024 20:03,2035.63,2163,0,156.58,23-07-2023 06:09,0
T0150,Jane Brown,988.06,21-07-2024 15:16,462.81,1239,1,1088.73,04-01-2023 09:18,1
T0151,Casey Miller,701.86,08-07-2023 15:22,1994.15,3113,0,1920.97,27-11-2023 00:39,0
T0152,Taylor Doe,904.29,21-11-2024 00:22,763.71,1853,1,139.99,09-06-2023 07:35,0
T0153,Alex Williams,722.79,07-11-2024 06:55,124.11,4479,1,1845.65,11-06-2024 04:40,0
T0154,Chris Doe,216.44,20-02-2023 12:15,697.26,1123,0,45.49,25-12-2023 09:02,0
T0155,Chris Davis,461.6,18-09-2024 21:44,596.04,2147,0,1797.96,20-03-2024 22:09,1
T0156,Morgan Johnson,140.43,06-08-2023 20:16,916.83,1900,0,90.61,05-10-2024 00:38,0
T0157,Morgan Davis,863.25,21-01-2023 10:53,2192.81,4851,0,3423.34,02-01-2024 21:38,1
T0158,Taylor Williams,453.7,04-07-2024 05:46,3050.52,3558,0,1042.93,12-04-2023 07:08,0
T0159,Jordan Jones,567.88,01-04-2024 12:10,60.08,2080,1,1634.53,17-04-2024 02:34,1
T0160,John Brown,84.81,29-03-2023 08:59,1150.37,3623,0,679.28,14-01-2023 22:10,0
T0161,Taylor Smith,121.18,23-03-2024 00:51,1494.51,3763,0,1622.83,21-05-2024 12:21,0
T0162,Alex Jones,905.79,03-09-2023 19:14,840.14,3091,1,628.25,05-08-2024 14:45,0
T0163,Morgan Miller,268.99,15-02-2024 22:18,437.85,1473,0,444.08,05-06-2023 17:37,0
T0164,Casey Davis,607.07,21-04-2023 23:28,1631.61,1636,0,710.51,20-02-2023 02:01,0
T0165,Chris Miller,326.6,23-03-2024 07:55,1124.09,3455,0,388.24,22-01-2024 02:02,0
T0166,Chris Brown,672.32,18-02-2024 06:03,597.32,2728,1,1423.8,14-03-2023 15:33,1
T0167,Taylor Miller,512.39,14-04-2023 02:19,1267.79,1422,0,561.46,14-07-2023 02:38,0
T0168,Casey Miller,596.02,11-05-2024 02:06,217.5,2789,1,2760.65,25-03-2023 11:19,1
T0169,John Smith,841.25,16-06-2024 09:49,721.97,1383,1,219.07,16-05-2024 19:43,0
T0170,John Smith,975.29,27-09-2024 06:35,323.49,2951,1,2031.53,21-12-2024 23:15,1
T0171,Morgan Davis,340.9,19-10-2023 11:32,2951.97,3441,0,1984.56,21-08-2023 05:07,0
T0172,Jane Johnson,238.58,21-05-2023 14:57,1397.61,2984,0,2033.35,04-06-2023 06:14,1
T0173,Jordan Miller,375.41,27-03-2023 23:09,761.08,1546,0,1440.79,20-11-2023 11:03,1
T0174,Jane Smith,667.9,05-10-2024 05:56,251.05,4111,1,2711.79,04-12-2023 04:55,1
T0175,John Williams,920.57,18-05-2023 20:58,3130.46,3172,0,363.91,18-04-2024 19:49,0
T0176,Alex Miller,548.8,19-10-2023 20:16,3325.32,3821,0,1805.0,28-02-2024 06:08,0
T0177,Taylor Smith,242.49,20-10-2023 00:36,336.18,2543,0,2104.81,21-11-2024 19:07,1
T0178,Casey Williams,882.56,05-07-2023 20:56,2155.56,2989,0,461.14,19-03-2024 01:22,0
T0179,Chris Smith,989.74,02-05-2023 19:24,1078.93,4505,0,2342.07,03-11-2024 14:35,1
T0180,Alex Johnson,822.86,07-03-2023 04:28,2861.6,4659,0,950.59,23-02-2024 11:03,0
T0181,Jordan Davis,197.86,02-08-2024 19:28,1735.02,3111,0,653.06,06-05-2024 20:40,0
T0182,Jordan Johnson,888.36,15-03-2024 03:10,656.33,3602,1,1491.6,14-06-2024 10:24,0
T0183,Jane Williams,752.07,31-08-2024 23:32,1683.92,3966,0,3152.04,14-01-2024 00:47,1
T0184,Casey Jones,268.18,12-04-2023 23:33,3278.37,4303,0,1921.75,05-04-2024 09:55,0
T0185,Chris Smith,916.29,20-12-2023 11:50,1168.02,1510,0,913.14,25-02-2024 21:28,0
T0186,Chris Smith,279.12,03-03-2023 14:23,552.15,2580,0,1146.23,11-06-2024 00:07,0
T0187,Casey Williams,899.12,23-10-2023 21:31,84.73,1464,1,325.24,29-09-2024 21:28,0
T0188,Taylor Johnson,649.73,21-10-2024 07:41,418.32,3726,1,2474.34,19-06-2024 20:23,1
T0189,Jane Jones,784.04,22-05-2024 09:19,2418.37,2757,0,1760.9,23-08-2023 09:20,0
T0190,Casey Williams,777.31,10-04-2024 21:56,2498.34,4079,0,2468.76,20-09-2023 13:54,0
T0191,Alex Brown,184.69,08-08-2024 10:08,2552.32,4942,0,778.73,08-05-2023 19:50,0
T0192,Chris Williams,433.93,27-10-2023 16:42,31.54,1031,1,56.88,08-07-2023 13:02,0
T0193,Casey Williams,96.73,30-06-2023 09:50,122.04,1179,0,673.98,23-04-2024 23:43,1
T0194,Jordan Doe,254.9,07-07-2023 01:13,38.7,1099,1,838.02,20-06-2024 20:57,1
T0195,Taylor Miller,760.72,15-09-2024 16:05,1756.64,4777,0,2063.65,28-03-2024 08:02,0
T0196,Chris Johnson,394.28,21-01-2024 18:17,22.31,1645,1,1633.92,08-11-2024 12:12,1
T0197,Jane Smith,868.23,12-07-2024 12:39,1666.83,2729,0,411.16,14-10-2023 15:56,0
T0198,John Smith,285.46,01-10-2023 22:20,3700.02,4500,0,212.67,30-05-2023 11:54,0
T0199,Casey Johnson,248.71,05-09-2024 21:39,3167.96,4760,0,562.52,03-08-2024 22:21,0
T0200,Morgan Davis,677.11,17-06-2023 17:33,2809.51,3496,0,1656.18,23-09-2023 19:42,0
T0201,Chris Jones,609.69,13-09-2023 22:50,1818.69,3485,0,1971.9,18-11-2024 03:09,1
T0202,Chris Jones,511.16,24-09-2023 14:51,3651.99,4603,0,684.48,09-03-2023 21:53,0
T0203,Taylor Johnson,545.33,24-01-2024 08:32,1564.45,2244,0,1887.84,14-03-2024 20:03,1
T0204,Taylor Doe,401.66,15-02-2024 22:55,1133.51,1599,0,117.38,25-12-2024 09:19,0
T0205,John Smith,159.55,24-11-2024 21:46,2405.39,2942,0,1896.78,12-07-2023 05:39,0
T0206,Casey Smith,26.66,20-06-2023 06:42,3149.59,3479,0,2219.71,27-08-2023 14:10,0
T0207,Jordan Miller,588.83,15-08-2023 08:57,4178.1,4187,0,814.42,16-08-2024 15:09,0
T0208,Casey Brown,480.23,13-11-2024 22:11,813.02,1799,0,56.99,16-08-2024 19:16,0
T0209,Taylor Jones,35.8,12-02-2023 05:28,307.61,3488,0,2365.39,04-12-2024 23:55,1
T0210,Casey Johnson,415.54,16-03-2024 14:53,907.57,2791,0,594.88,27-02-2023 07:41,0
T0211,Jordan Johnson,706.57,18-11-2023 11:16,42.43,3140,1,810.55,26-03-2024 22:27,0
T0212,Jane Johnson,435.24,01-10-2024 19:11,994.66,2119,0,531.16,27-02-2023 00:28,0
T0213,Jane Williams,323.78,07-08-2023 07:53,1363.35,4086,0,3832.83,28-01-2024 09:59,1
T0214,Jordan Miller,750.35,10-12-2023 14:55,733.11,3813,1,2591.77,29-12-2024 13:31,1
T0215,Jane Jones,906.25,19-09-2023 01:42,714.1,4491,1,1328.08,18-09-2023 14:51,0
T0216,Jane Williams,452.86,04-04-2024 21:50,76.56,1149,1,1099.53,30-12-2023 16:38,1
T0217,Jordan Johnson,96.91,02-08-2023 10:31,603.05,2862,0,2610.03,20-12-2023 10:53,1
T0218,Jane Brown,271.23,03-03-2023 17:51,1153.63,1355,0,96.6,03-12-2024 11:56,0
T0219,Morgan Johnson,757.97,08-06-2024 09:31,2058.33,3235,0,1112.81,16-03-2024 06:17,0
T0220,Jane Williams,101.09,19-01-2024 20:02,3826.13,4965,0,1811.01,27-05-2023 03:31,0
T0221,Taylor Doe,432.74,11-11-2023 05:53,477.74,1327,0,1050.73,02-12-2023 12:59,1
T0222,Alex Davis,198.78,26-10-2024 03:25,2342.68,2466,0,211.84,18-03-2023 08:19,0
T0223,John Brown,912.91,04-10-2024 20:07,2745.98,4298,0,3105.03,25-07-2023 03:38,1
T0224,John Johnson,87.61,17-08-2024 02:58,3527.99,4617,0,2600.0,17-01-2024 05:45,0
T0225,Morgan Williams,826.98,15-05-2024 01:00,3389.54,3979,0,3648.37,29-11-2023 17:58,1
T0226,Morgan Brown,321.59,07-02-2024 15:00,2021.27,4667,0,4276.22,19-12-2023 02:56,1
T0227,Chris Johnson,361.87,05-09-2024 12:26,1699.14,4142,0,151.48,21-08-2024 21:57,0
T0228,Chris Miller,35.92,12-11-2024 22:16,3163.13,3459,0,3440.21,16-06-2023 07:39,1
T0229,Jordan Williams,286.4,22-05-2023 15:12,749.54,2219,0,893.09,03-01-2024 07:42,0
T0230,Chris Williams,61.95,13-05-2023 22:41,2972.13,3404,0,541.54,30-07-2023 05:44,0
T0231,John Davis,633.86,13-08-2023 18:06,279.74,3657,1,1388.09,29-09-2024 20:48,0
T0232,Taylor Miller,901.73,29-03-2024 20:53,3240.27,4302,0,2951.23,11-04-2024 09:58,0
T0233,Jane Doe,734.72,13-07-2023 12:17,372.99,3537,1,3384.98,11-02-2023 04:08,1
T0234,John Jones,360.68,06-08-2024 00:47,1929.82,1945,0,440.14,14-04-2023 01:13,0
T0235,Jane Brown,638.22,02-07-2024 22:35,182.79,1544,1,533.01,18-04-2024 11:23,0
T0236,Casey Brown,677.73,04-02-2023 04:13,4498.49,4756,0,2150.86,12-03-2023 21:01,0
T0237,Jane Johnson,10.94,19-06-2023 19:39,766.33,1105,0,84.04,30-03-2024 11:42,0
T0238,John Williams,621.24,18-09-2023 00:57,1601.65,1774,0,254.24,12-09-2023 07:50,0
T0239,John Jones,361.53,09-03-2023 22:51,1376.49,3946,0,3639.44,28-02-2024 23:24,1
T0240,Casey Doe,439.26,06-03-2024 08:00,586.03,1461,0,610.85,28-03-2024 14:32,0
T0241,Chris Johnson,842.42,31-07-2024 13:28,727.73,2263,1,1854.67,14-06-2024 19:43,1
T0242,Taylor Jones,364.65,13-10-2023 21:53,590.19,1069,0,451.2,08-09-2023 20:24,0
T0243,Casey Doe,689.79,11-12-2023 08:41,1026.2,4212,0,1300.52,28-03-2023 21:27,0
T0244,Morgan Davis,782.68,06-02-2023 12:39,1290.32,1854,0,830.4,28-04-2023 01:44,0
T0245,Morgan Smith,909.54,18-05-2024 19:12,982.38,4128,0,2149.84,17-07-2024 16:31,1
T0246,Chris Williams,634.91,10-10-2023 05:41,436.46,4776,1,4683.3,09-05-2024 11:35,1
T0247,Jane Miller,329.05,03-02-2023 13:25,636.76,1049,0,663.73,03-10-2023 05:45,1
T0248,John Johnson,669.08,01-05-2024 13:38,2547.48,4081,0,2735.48,01-09-2024 01:48,1
T0249,Morgan Doe,791.91,02-05-2024 10:05,1862.21,2588,0,2136.94,14-12-2024 02:12,1
T0250,Morgan Davis,213.71,29-12-2023 05:47,1339.47,1418,0,865.31,10-10-2024 08:04,0
T0251,Jane Jones,55.37,12-04-2023 02:10,303.5,1037,0,780.16,15-05-2024 22:56,1
T0252,Chris Jones,236.23,27-04-2024 03:22,146.27,1564,1,411.9,21-10-2024 19:51,0
T0253,Jane Williams,432.32,22-11-2024 05:43,1879.1,2411,0,728.2,25-05-2023 11:16,0
T0254,Taylor Smith,963.01,14-05-2023 10:02,2677.12,3343,0,2466.59,15-04-2023 11:18,0
T0255,John Williams,381.32,22-06-2023 16:04,1799.55,1970,0,766.71,19-07-2024 15:12,0
T0256,Jordan Brown,586.56,21-11-2023 10:59,11.29,1114,1,39.48,13-05-2023 12:55,0
T0257,Jane Miller,478.87,21-11-2024 02:25,3273.52,4527,0,3985.78,21-06-2023 15:13,1
T0258,Alex Brown,256.29,10-10-2024 09:54,300.2,3715,0,1265.56,05-08-2024 16:10,0
T0259,Chris Williams,996.46,06-03-2024 16:33,1140.91,1157,0,780.82,06-03-2023 08:46,0
T0260,Chris Doe,565.15,14-12-2023 10:52,1195.09,1639,0,369.74,30-05-2024 10:45,0
T0261,Alex Williams,943.88,04-08-2023 09:11,2037.6,3444,0,1919.25,14-02-2023 20:16,0
T0262,Jordan Johnson,835.12,07-06-2023 17:12,1273.05,4241,0,2876.63,26-08-2023 14:09,1
T0263,Morgan Smith,284.33,14-06-2024 05:32,1978.37,2456,0,1256.7,17-08-2024 14:38,0
T0264,Morgan Doe,554.18,24-02-2023 03:27,567.57,1839,0,709.34,22-04-2023 08:44,0
T0265,Morgan Miller,102.92,15-02-2024 03:04,1162.12,1943,0,266.45,11-01-2023 00:14,0
T0266,Taylor Miller,582.12,15-04-2023 09:28,965.18,4068,0,2050.95,28-12-2023 23:33,1
T0267,Morgan Williams,84.14,12-11-2024 02:05,1183.94,3724,0,3709.81,13-01-2024 14:12,1
T0268,Jane Williams,663.97,23-01-2024 15:14,2556.03,3432,0,896.88,28-01-2023 09:34,0
T0269,Taylor Johnson,737.49,11-11-2024 17:26,1104.97,2250,0,511.77,13-05-2023 13:08,0
T0270,Chris Jones,156.04,05-08-2023 10:00,575.25,1061,0,406.64,11-12-2024 10:42,0
T0271,Chris Smith,520.27,19-11-2024 08:23,258.05,1391,1,1088.88,02-06-2024 06:47,1
T0272,John Jones,819.7,19-10-2024 09:12,2783.11,2941,0,2886.66,22-09-2024 05:07,1
T0273,Jane Johnson,763.97,24-09-2024 13:29,287.86,4451,1,1163.9,12-09-2024 09:17,0
T0274,Taylor Miller,257.64,23-06-2023 03:14,759.52,4457,0,3190.52,06-06-2023 07:25,1
T0275,John Davis,590.96,12-09-2023 07:56,2072.92,2157,0,1850.89,28-12-2023 17:02,0
T0276,Taylor Brown,260.59,26-08-2024 05:27,947.82,3111,0,364.48,11-07-2024 21:13,0
T0277,Jordan Doe,340.09,10-06-2023 02:50,308.33,3697,1,2887.46,31-08-2023 00:33,1
T0278,Jordan Smith,111.67,24-10-2024 10:33,1366.93,2590,0,1504.97,07-02-2024 08:09,1
T0279,Morgan Brown,214.68,30-03-2023 02:28,98.55,1986,1,206.71,21-09-2023 23:51,0
T0280,Alex Brown,757.94,03-01-2024 10:16,1607.24,2217,0,1000.57,27-08-2023 15:53,0
T0281,Jordan Doe,311.43,17-03-2024 05:41,2645.22,3788,0,3460.57,03-01-2023 10:17,1
T0282,Jordan Davis,891.63,13-07-2024 10:24,2389.23,2506,0,2288.0,27-10-2024 22:07,0
T0283,Alex Brown,124.42,26-12-2024 03:11,1110.41,1866,0,774.81,18-10-2023 18:20,0
T0284,Alex Johnson,270.2,20-01-2023 02:03,538.09,2622,0,1993.93,30-03-2023 12:57,1
T0285,John Brown,224.65,23-05-2023 11:04,1669.63,3291,0,2657.76,30-06-2023 03:39,1
T0286,Casey Davis,405.1,25-01-2024 11:54,3895.96,4200,0,4037.94,14-10-2023 11:42,1
T0287,Jane Miller,929.0,24-04-2024 13:49,2423.12,3642,0,798.54,18-08-2023 04:06,0
T0288,Casey Brown,955.93,21-07-2024 23:30,1554.37,2389,0,1468.7,28-11-2024 20:36,0
T0289,Jordan Smith,460.48,29-10-2024 15:50,4200.14,4768,0,247.67,17-01-2023 05:09,0
T0290,John Doe,379.3,13-10-2024 19:13,697.63,3204,0,3122.22,28-11-2023 12:51,1
T0291,Taylor Johnson,493.19,02-09-2024 09:12,823.95,1997,0,154.43,26-10-2023 21:39,0
T0292,John Jones,327.87,23-07-2024 13:33,954.88,4059,0,148.39,18-01-2023 08:21,0
T0293,Jordan Williams,49.76,29-07-2023 14:39,44.76,2050,1,502.62,06-05-2024 16:58,0
T0294,Casey Williams,347.26,29-10-2023 19:04,2608.79,3577,0,942.94,07-03-2024 18:55,0
T0295,John Davis,710.92,19-01-2023 06:47,173.68,4071,1,2690.17,01-05-2024 17:18,1
T0296,Taylor Doe,716.94,12-12-2024 20:01,80.99,1915,1,688.03,18-02-2023 16:03,0
T0297,Chris Brown,978.37,01-05-2024 16:12,930.81,3434,1,2925.91,22-02-2024 23:10,1
T0298,Alex Smith,684.53,07-06-2023 17:46,2816.21,3260,0,1482.84,22-12-2023 14:41,0
T0299,Morgan Johnson,58.89,17-05-2023 20:30,3000.53,3869,0,1005.52,11-12-2024 03:03,0
T0300,Alex Johnson,558.46,25-02-2024 22:19,580.46,3572,0,2226.97,30-10-2024 03:41,1
T0301,Chris Smith,742.23,07-11-2023 04:03,464.1,4639,1,4136.78,11-12-2023 12:18,1
T0302,Casey Miller,591.66,20-10-2024 09:18,3262.54,3852,0,3765.79,06-06-2023 14:59,1
T0303,Jane Johnson,627.38,31-03-2023 11:20,1349.84,1587,0,721.4,01-09-2023 20:52,0
T0304,Jordan Davis,20.99,03-10-2023 19:55,610.19,2493,0,326.81,15-03-2024 20:17,0
T0305,Jordan Smith,272.02,20-04-2024 12:40,1990.23,4789,0,195.0,09-11-2023 17:45,0
T0306,Jane Doe,764.4,04-10-2023 08:16,105.29,2562,1,1141.9,10-01-2023 01:35,0
T0307,Casey Smith,196.13,01-03-2023 03:53,1559.48,2625,0,1100.89,27-06-2023 13:21,0
T0308,Casey Brown,516.79,14-02-2024 23:42,1470.64,4262,0,165.27,28-11-2023 09:35,0
T0309,Jordan Johnson,145.27,11-11-2023 17:46,2391.92,4902,0,2217.34,09-10-2024 01:16,0
T0310,Chris Davis,935.01,10-09-2023 22:03,1778.45,2852,0,157.04,20-10-2024 02:51,0
T0311,Morgan Brown,22.05,13-04-2024 09:45,568.42,1342,0,797.5,30-04-2024 23:50,1
T0312,Alex Doe,291.51,08-01-2024 02:00,1784.21,4715,0,922.29,02-03-2024 10:26,0
T0313,Jane Davis,996.98,09-08-2024 23:14,96.44,1420,1,1330.26,17-04-2024 12:46,1
T0314,Chris Brown,779.03,16-03-2023 20:20,1271.19,3302,0,1127.85,01-01-2024 16:45,0
T0315,Jane Brown,16.31,25-04-2024 07:22,51.43,1543,0,345.0,01-06-2023 14:27,0
T0316,Jordan Smith,812.49,06-10-2024 08:35,218.01,2443,1,1305.32,18-11-2023 21:09,1
T0317,Jordan Davis,655.94,02-11-2024 23:27,836.5,1209,0,907.55,18-05-2024 12:51,1
T0318,Jane Smith,958.77,19-07-2024 03:27,1373.22,4952,0,2558.21,14-02-2023 04:37,1
T0319,Morgan Smith,260.29,05-06-2024 00:26,3424.49,4739,0,3363.62,24-07-2023 06:21,0
T0320,John Jones,442.16,16-06-2023 15:23,437.53,4803,1,1127.18,28-04-2023 15:53,0
T0321,Casey Miller,775.36,01-07-2024 17:09,4104.02,4579,0,2618.75,31-05-2024 21:55,0
T0322,Taylor Miller,67.7,08-09-2023 07:59,2795.52,4793,0,3757.43,24-06-2023 04:33,1
T0323,Jordan Davis,514.91,13-04-2023 12:07,1931.92,2364,0,1244.58,25-01-2023 11:59,0
T0324,Taylor Doe,487.94,23-07-2024 12:06,91.63,1441,1,1243.37,22-08-2023 13:37,1
T0325,Chris Johnson,664.23,10-06-2023 01:23,1819.47,4623,0,3304.03,23-05-2023 02:13,1
T0326,Jordan Williams,693.01,27-03-2023 01:30,2135.23,4344,0,167.27,24-12-2023 01:24,0
T0327,Jordan Miller,904.02,11-09-2024 22:26,1880.92,2055,0,2050.19,29-09-2024 13:12,1
T0328,John Smith,698.67,24-08-2023 07:33,442.41,4742,1,94.76,27-01-2024 17:44,0
T0329,Taylor Jones,826.19,13-10-2023 19:09,1059.51,2067,0,1116.99,28-03-2024 18:42,1
T0330,Alex Williams,405.7,22-05-2023 07:23,1502.39,1618,0,681.5,19-01-2024 10:43,0
T0331,Morgan Miller,877.76,24-10-2023 03:10,1258.92,2233,0,1670.2,21-02-2023 14:30,1
T0332,Morgan Brown,347.9,20-06-2023 09:23,926.97,2983,0,248.65,09-12-2024 14:28,0
T0333,John Brown,655.59,21-09-2023 05:41,3942.99,4335,0,996.65,24-10-2023 19:18,0
T0334,Taylor Smith,994.99,30-08-2024 09:36,1600.73,3794,0,614.55,12-10-2023 06:58,0
T0335,Alex Jones,130.48,30-03-2024 23:21,207.15,2267,0,516.69,13-05-2023 23:42,0
T0336,Casey Williams,66.0,06-02-2024 17:08,1093.62,1303,0,928.51,11-09-2024 06:07,0
T0337,Jordan Jones,488.5,25-03-2023 16:42,1687.45,1926,0,1505.95,24-05-2024 07:30,0
T0338,Jordan Jones,625.26,17-05-2023 03:08,289.77,2511,1,51.2,02-06-2024 17:02,0
T0339,Casey Brown,572.13,03-07-2024 04:20,1663.89,4669,0,3225.32,07-09-2023 03:02,1
T0340,Alex Brown,65.73,20-10-2023 16:56,185.25,1968,0,1430.03,07-12-2024 16:21,1
T0341,Morgan Miller,912.06,31-08-2023 15:14,2232.54,2724,0,624.09,24-03-2024 14:08,0
T0342,Taylor Jones,555.01,20-06-2023 02:19,2083.24,2257,0,1989.34,26-09-2023 01:35,0
T0343,Casey Miller,52.12,28-02-2024 00:10,248.89,4060,0,1296.12,27-08-2023 12:58,0
T0344,Taylor Doe,266.76,31-07-2023 11:54,282.26,1413,0,683.32,09-03-2023 03:15,0
T0345,John Williams,390.55,20-09-2024 00:37,1962.57,4342,0,2149.5,28-08-2024 16:12,0
T0346,John Doe,871.25,05-01-2023 15:08,2041.95,4770,0,3299.87,18-03-2024 01:43,1
T0347,Jordan Doe,881.74,09-07-2024 10:34,718.98,3755,1,3028.1,11-12-2024 22:54,1
T0348,Morgan Davis,413.66,08-03-2023 06:40,1695.98,2546,0,886.68,09-07-2024 23:38,0
T0349,Taylor Doe,465.87,10-05-2023 15:22,1182.75,4104,0,1872.4,19-12-2023 08:35,0
T0350,Jane Jones,489.45,12-02-2023 23:34,1537.12,1993,0,1676.6,26-03-2023 13:07,1
T0351,Chris Jones,454.1,01-04-2023 08:25,1682.52,3274,0,3063.73,08-03-2024 03:02,1
T0352,Casey Williams,438.26,28-10-2023 06:03,58.03,3394,1,1532.55,19-06-2024 21:48,0
T0353,Chris Davis,904.58,04-05-2024 12:09,336.47,3290,1,1599.85,19-05-2024 04:49,0
T0354,Jordan Doe,849.35,19-09-2024 09:53,1811.5,3623,0,3169.71,06-04-2024 15:34,1
T0355,Casey Johnson,678.42,18-06-2023 04:36,808.71,3743,0,2954.48,15-08-2024 13:19,1
T0356,John Smith,629.72,05-04-2023 13:00,1778.21,4727,0,2713.24,16-04-2023 11:21,1
T0357,Alex Doe,832.09,03-03-2024 09:44,2439.12,4172,0,1384.43,02-04-2024 21:55,0
T0358,Jane Brown,279.51,07-09-2024 08:33,1395.76,3500,0,2783.43,02-01-2023 02:16,1
T0359,John Miller,334.13,19-08-2024 19:59,159.98,1205,1,760.49,03-02-2023 15:42,1
T0360,Casey Davis,641.54,18-08-2024 20:06,3375.35,3918,0,1282.04,31-12-2023 05:59,0
T0361,Taylor Miller,570.28,20-10-2023 22:04,2547.87,3131,0,2432.4,21-06-2024 13:19,0
T0362,Morgan Williams,647.37,27-02-2023 13:56,2675.67,3601,0,1469.9,24-12-2023 07:22,0
T0363,John Williams,320.54,14-11-2023 14:48,823.57,1091,0,208.72,19-09-2024 01:51,0
T0364,Morgan Smith,422.23,12-07-2023 01:01,1660.5,1937,0,372.68,08-03-2023 04:56,0
T0365,Morgan Davis,763.75,14-08-2023 01:12,945.46,3167,0,2210.04,09-07-2023 07:12,1
T0366,Casey Smith,135.15,09-07-2023 22:36,528.76,1778,0,1383.73,22-03-2023 15:24,1
T0367,Jane Brown,384.2,10-05-2024 05:46,1388.21,1469,0,231.72,20-09-2023 08:40,0
T0368,Chris Johnson,425.77,07-03-2023 05:58,558.21,4726,0,3157.11,29-01-2024 04:19,1
T0369,Alex Williams,964.1,12-05-2023 21:15,604.85,2934,1,635.14,26-12-2024 06:49,0
T0370,Casey Brown,925.13,26-09-2023 02:21,3401.36,4991,0,2778.14,24-07-2023 21:28,0
T0371,John Jones,822.27,02-08-2023 23:06,509.64,1930,1,1435.14,04-01-2024 01:22,1
T0372,Casey Doe,994.92,05-07-2024 15:37,2302.95,3884,0,928.07,06-08-2024 17:48,0
T0373,Jordan Davis,618.65,11-01-2024 02:09,2264.08,2412,0,1517.7,01-02-2023 17:13,0
T0374,Chris Jones,685.75,02-02-2024 08:01,371.46,1394,1,36.92,28-10-2024 03:49,0
T0375,Alex Jones,160.39,31-08-2023 18:54,1398.21,1707,0,1517.43,13-11-2023 13:56,1
T0376,Chris Johnson,254.97,18-08-2024 21:32,2254.72,3184,0,913.16,19-01-2024 03:08,0
T0377,Chris Miller,646.7,31-03-2023 16:53,848.19,4215,0,2672.9,27-08-2023 09:59,1
T0378,Morgan Miller,589.55,01-06-2024 01:00,844.61,2302,0,1760.18,15-06-2023 09:38,1
T0379,Morgan Johnson,81.83,20-06-2023 09:14,2472.43,2711,0,1267.81,28-08-2024 01:16,0
T0380,Chris Williams,154.45,20-07-2023 19:21,823.52,1045,0,799.63,27-05-2023 18:02,0
T0381,Chris Jones,717.21,24-02-2024 08:37,1378.73,1428,0,553.33,08-07-2023 19:24,0
T0382,John Johnson,529.32,15-07-2024 11:48,136.89,1992,1,66.28,20-01-2024 13:39,0
T0383,Taylor Smith,953.05,02-03-2023 10:52,3023.02,4545,0,2376.68,20-05-2023 01:28,0
T0384,Chris Smith,530.77,03-12-2024 15:48,1164.53,4582,0,1535.45,11-10-2023 14:57,0
T0385,Morgan Miller,30.12,10-05-2023 22:50,1066.71,1207,0,82.5,12-10-2024 17:17,0
T0386,Morgan Davis,141.85,16-11-2023 09:54,626.53,2110,0,828.1,25-01-2024 16:06,0
T0387,Chris Davis,182.52,14-01-2024 19:04,2760.21,3611,0,3323.12,19-05-2024 19:13,1
T0388,Jordan Smith,513.37,25-07-2023 04:34,843.32,2394,0,167.44,22-05-2024 12:57,0
T0389,Jordan Doe,542.53,27-10-2023 01:11,67.96,2260,1,2014.47,28-04-2023 03:08,1
T0390,Alex Brown,685.67,20-09-2023 18:41,609.73,1100,1,733.57,12-10-2023 06:08,1
T0391,Alex Jones,415.65,16-08-2023 14:57,944.64,1410,0,469.75,02-10-2023 06:12,0
T0392,Alex Smith,569.7,08-02-2023 20:14,1320.07,1449,0,978.87,10-02-2023 02:40,0
T0393,Casey Williams,581.62,01-01-2024 00:10,38.27,3755,1,1899.99,15-02-2024 13:37,1
T0394,John Doe,752.96,06-04-2024 05:25,439.81,1553,1,1079.24,31-05-2023 08:48,1
T0395,Alex Johnson,503.34,02-05-2024 12:19,1916.25,4760,0,2670.95,13-11-2023 11:48,1
T0396,Jane Jones,91.03,20-12-2023 07:24,2724.46,3517,0,3156.75,26-02-2024 00:29,1
T0397,Chris Davis,793.5,05-03-2024 19:07,1873.94,2591,0,1833.3,27-07-2023 08:25,0
T0398,Jane Miller,764.58,27-03-2024 20:56,3712.65,4843,0,4468.35,01-09-2024 19:56,1
T0399,Jordan Miller,953.77,30-10-2024 12:33,2824.77,4583,0,3407.28,28-06-2024 05:08,1
T0400,John Jones,275.48,20-04-2024 06:17,1809.86,4626,0,230.13,26-05-2024 22:09,0
T0401,Alex Smith,588.5,03-12-2024 04:33,182.72,2706,1,1857.45,20-10-2024 10:09,1
T0402,Jordan Doe,268.68,10-06-2024 04:46,2276.1,2772,0,882.46,23-04-2024 09:17,0
T0403,John Smith,269.04,23-02-2024 19:33,47.36,1649,1,1411.35,08-11-2024 13:56,1
T0404,Jane Williams,609.08,18-08-2023 05:30,1100.13,3116,0,407.76,07-09-2024 20:58,0
T0405,Chris Davis,276.18,07-08-2024 03:41,1738.21,2257,0,2035.01,15-09-2023 16:06,1
T0406,Casey Johnson,750.42,08-12-2023 07:03,824.99,2277,0,1159.47,30-05-2023 13:59,1
T0407,Jordan Davis,583.29,02-01-2024 04:33,1422.52,3433,0,1198.62,15-11-2024 13:23,0
T0408,Jane Williams,654.37,23-05-2024 04:03,757.21,1313,0,403.21,24-05-2023 08:23,0
T0409,Morgan Brown,824.89,14-11-2023 06:51,1201.16,1483,0,573.53,13-10-2023 09:27,0
T0410,Jane Brown,298.53,18-08-2024 10:51,1140.63,2893,0,2241.72,03-07-2023 10:33,1
T0411,Taylor Davis,589.27,28-09-2024 19:48,1413.08,1489,0,905.36,14-09-2024 13:44,0
T0412,John Doe,399.08,15-09-2023 13:11,287.74,2586,1,1449.36,14-11-2023 21:56,1
T0413,Morgan Davis,442.73,29-08-2023 14:59,89.53,1431,1,654.24,10-10-2024 11:44,0
T0414,Jordan Davis,459.46,05-09-2024 11:33,1160.32,1402,0,57.95,20-04-2024 07:18,0
T0415,John Jones,414.16,08-05-2024 02:11,2163.06,2682,0,2250.12,04-07-2023 23:30,1
T0416,Taylor Williams,85.17,16-08-2023 10:57,303.79,1917,0,62.66,26-07-2023 18:51,0
T0417,Jane Brown,964.89,30-07-2024 19:22,869.97,2710,1,397.95,26-06-2023 20:59,0
T0418,Jane Doe,356.3,29-07-2023 05:04,2454.16,3686,0,3181.32,20-10-2024 07:57,1
T0419,Casey Williams,620.16,06-10-2023 12:03,1179.08,4423,0,2935.94,28-03-2023 04:30,1
T0420,Taylor Williams,510.53,08-01-2024 05:25,156.26,1241,1,152.03,23-10-2024 05:25,0
T0421,Casey Smith,954.9,25-09-2023 19:15,506.68,3136,1,2797.14,21-08-2023 14:18,1
T0422,Jordan Davis,706.52,21-03-2023 14:41,157.16,2026,1,1027.35,17-04-2024 00:56,1
T0423,Jordan Brown,398.54,16-05-2023 22:00,3041.29,3853,0,2030.96,16-03-2024 10:54,0
T0424,Alex Davis,86.73,13-01-2023 05:24,1610.25,3073,0,3032.22,03-04-2024 11:49,1
T0425,Casey Doe,575.94,21-02-2024 21:47,3025.35,3814,0,838.84,01-03-2024 14:39,0
T0426,John Davis,58.58,05-12-2024 22:55,2320.14,4928,0,3811.29,14-10-2024 14:51,1
T0427,Chris Smith,12.71,26-05-2024 12:52,4739.71,4742,0,1691.22,10-12-2023 05:51,0
T0428,Taylor Williams,884.84,06-06-2023 00:59,2997.21,3976,0,2264.26,30-06-2023 20:00,0
T0429,Morgan Doe,382.53,27-08-2023 10:53,819.1,3132,0,362.18,22-01-2024 13:08,0
T0430,Taylor Doe,779.35,10-09-2024 19:23,909.42,3102,0,2905.4,09-09-2024 06:11,1
T0431,Casey Doe,388.42,28-09-2024 13:15,2550.28,4958,0,3386.19,28-10-2023 04:50,1
T0432,Morgan Johnson,432.91,25-04-2023 23:38,271.31,1073,1,1057.8,16-01-2023 00:55,1
T0433,Alex Doe,298.03,18-12-2024 13:53,1057.15,2441,0,21.82,01-12-2024 11:07,0
T0434,Morgan Smith,499.7,17-06-2023 21:43,872.0,3724,0,885.81,21-06-2023 09:07,0
T0435,Morgan Miller,423.13,08-01-2023 10:39,610.13,2209,0,957.19,01-05-2024 22:05,0
T0436,Chris Jones,804.26,15-09-2024 04:58,2704.06,3495,0,2370.55,09-01-2023 06:29,0
T0437,Jane Miller,940.97,16-10-2023 00:26,4531.17,4651,0,3278.55,11-06-2023 05:55,0
T0438,John Brown,337.96,16-05-2023 10:14,627.74,2270,0,932.1,02-12-2023 17:18,0
T0439,Chris Jones,594.39,07-07-2024 02:51,68.64,2644,1,1088.59,14-10-2023 14:51,0
T0440,Casey Doe,703.36,20-05-2023 12:25,1152.26,1553,0,1498.15,13-10-2023 17:41,1
T0441,Jordan Jones,641.39,08-07-2023 15:19,2815.12,4007,0,3337.52,18-11-2023 20:01,1
T0442,Jane Davis,520.44,30-06-2023 04:53,1229.96,1875,0,1005.47,18-06-2024 05:37,0
T0443,John Miller,713.82,02-06-2024 22:29,4423.88,4708,0,1226.78,23-06-2024 02:38,0
T0444,Chris Brown,345.99,15-05-2024 04:29,566.1,3407,0,1052.69,18-04-2023 22:37,0
T0445,Taylor Johnson,761.74,30-07-2024 04:40,2625.4,2971,0,1847.49,27-06-2024 17:06,0
T0446,Taylor Johnson,522.07,01-05-2023 16:29,3427.9,4120,0,3225.03,23-10-2024 06:05,0
T0447,John Jones,834.67,04-03-2024 08:05,811.82,2087,1,352.46,15-04-2023 15:04,0
T0448,Alex Smith,742.5,02-07-2023 08:18,102.1,1072,1,580.71,28-07-2023 01:26,1
T0449,Alex Doe,938.3,26-07-2024 06:31,1138.01,4229,0,3612.67,05-05-2024 11:44,1
T0450,Casey Davis,376.47,26-11-2024 14:54,2403.61,2615,0,1531.66,25-03-2023 19:01,0
T0451,Morgan Doe,646.56,09-12-2024 05:40,3056.37,4319,0,837.78,31-08-2023 05:43,0
T0452,John Johnson,821.9,01-12-2023 23:21,2047.15,2662,0,1734.73,28-07-2023 01:47,0
T0453,Casey Jones,900.88,13-07-2023 22:25,2319.08,2912,0,2539.81,26-02-2024 16:52,1
T0454,Alex Miller,578.84,26-12-2023 12:36,1044.05,1399,0,222.06,18-09-2024 15:31,0
T0455,Jordan Davis,261.02,18-06-2023 04:28,1513.76,2217,0,1357.22,18-05-2023 23:50,0
T0456,John Doe,418.28,21-03-2023 18:53,4203.24,4793,0,4352.37,16-11-2024 10:50,1
T0457,Casey Davis,530.31,07-06-2023 22:21,1878.07,3936,0,2084.64,02-02-2023 21:17,1
T0458,Jordan Williams,848.91,14-11-2023 02:56,1799.1,4018,0,3866.46,28-02-2023 09:54,1
T0459,Taylor Doe,578.86,05-03-2023 11:52,2786.4,4170,0,2977.89,27-03-2024 08:42,1
T0460,Taylor Johnson,312.63,17-11-2023 13:43,138.0,1484,1,1423.91,10-01-2024 10:23,1
T0461,John Williams,380.37,02-01-2023 16:09,959.96,2553,0,2413.5,02-10-2023 02:49,1
T0462,Chris Williams,827.07,14-08-2023 19:54,1287.13,4788,0,1096.42,27-06-2024 00:38,0
T0463,Taylor Davis,876.06,15-11-2023 12:24,208.87,3740,1,3496.08,29-04-2024 05:38,1
T0464,Alex Smith,274.52,13-07-2024 05:08,3354.39,3593,0,1804.74,19-07-2024 04:03,0
T0465,Casey Williams,680.03,30-06-2024 00:32,722.85,2390,0,192.59,18-11-2024 11:48,0
T0466,Morgan Johnson,907.48,27-10-2023 17:28,2669.64,4938,0,3898.39,27-07-2024 06:28,1
T0467,John Smith,597.44,11-10-2024 21:05,2700.37,3759,0,310.9,13-12-2024 06:11,0
T0468,Chris Doe,739.89,28-10-2023 03:37,1428.56,2412,0,1154.79,23-10-2024 06:52,0
T0469,Taylor Williams,390.25,02-05-2024 11:38,3586.51,3771,0,3355.13,18-01-2023 10:40,0
T0470,John Doe,106.32,06-06-2024 10:39,216.56,1073,0,203.03,15-03-2023 12:42,0
T0471,Chris Williams,184.73,10-12-2024 22:38,2765.26,2885,0,1570.71,03-04-2024 15:18,0
T0472,Jane Jones,354.66,25-02-2023 14:27,381.41,3537,0,1195.12,18-01-2024 01:58,0
T0473,Alex Brown,653.33,03-10-2023 06:20,1727.48,4377,0,2215.13,30-12-2023 22:51,1
T0474,Casey Brown,167.3,03-09-2024 20:19,1887.11,2514,0,77.16,15-10-2023 09:46,0
T0475,Morgan Johnson,248.01,03-10-2023 12:57,1094.31,1872,0,1117.29,04-07-2023 18:15,1
T0476,Jane Miller,181.82,20-05-2024 09:11,25.64,1306,1,959.36,08-02-2023 06:13,1
T0477,Taylor Doe,948.57,04-12-2023 14:28,1653.88,2320,0,104.61,02-02-2023 12:08,0
T0478,Morgan Doe,79.4,19-12-2024 03:53,2402.37,3973,0,2412.77,26-05-2023 06:32,1
T0479,John Brown,764.54,17-05-2023 01:20,514.73,2595,1,1354.47,10-02-2024 12:53,1
T0480,Morgan Williams,616.81,20-07-2023 05:44,951.52,2683,0,1104.43,28-12-2023 01:59,0
T0481,Morgan Miller,705.72,19-12-2024 19:43,2678.19,3571,0,64.16,31-12-2024 04:34,0
T0482,Casey Brown,372.97,23-06-2024 06:21,2446.67,3433,0,3313.11,05-04-2023 12:51,1
T0483,Morgan Williams,373.15,30-11-2023 07:56,1294.43,3283,0,535.79,01-08-2024 11:42,0
T0484,Jordan Doe,496.61,03-11-2024 10:32,1164.2,1177,0,714.85,15-03-2024 08:10,0
T0485,Casey Doe,52.5,09-06-2024 00:37,21.86,1490,1,105.68,27-10-2023 21:42,0
T0486,Chris Miller,126.86,14-03-2024 09:26,619.67,2758,0,1385.58,12-02-2024 21:34,1
T0487,Morgan Johnson,819.21,18-07-2024 15:51,2063.48,4899,0,1446.81,20-09-2024 16:23,0
T0488,Jane Brown,239.34,01-10-2023 11:48,276.32,1866,0,736.68,02-08-2024 13:24,0
T0489,Jordan Davis,355.9,04-08-2024 12:26,2434.35,3228,0,1889.51,12-12-2024 23:24,0
T0490,Alex Doe,877.3,31-01-2024 21:46,980.41,2192,0,1427.64,19-07-2024 04:40,1
T0491,Morgan Jones,310.55,19-12-2024 17:03,672.77,1018,0,9.12,23-05-2023 18:48,0
T0492,Alex Johnson,286.57,23-12-2024 02:47,1280.57,2809,0,134.08,08-10-2024 23:24,0
T0493,Chris Brown,526.72,14-08-2023 02:08,1559.96,3701,0,1754.77,19-05-2024 21:01,0
T0494,Taylor Williams,897.2,02-09-2024 10:44,2988.74,4928,0,1448.15,20-02-2024 09:00,0
T0495,Chris Brown,27.92,09-11-2024 00:23,2707.88,4236,0,2719.33,08-09-2023 08:57,1
T0496,Jordan Brown,301.85,08-07-2024 10:11,893.4,1528,0,22.37,21-06-2023 21:27,0
T0497,Casey Brown,291.8,20-09-2023 09:31,3373.85,4033,0,534.52,08-01-2023 03:50,0
T0498,Casey Doe,32.65,18-06-2023 03:18,1307.7,1844,0,401.8,03-05-2024 23:59,0
T0499,Jane Smith,104.11,11-07-2023 13:24,416.81,3337,0,1318.79,19-06-2024 00:05,0
T0500,Jane Smith,538.64,03-11-2024 12:25,2694.13,3223,0,2837.21,30-08-2024 11:17,1
